A-T: N1-N3,0.3nm,,
G-C: N1-N3,0.3nm,,
atom,atom-seq,res,res-seq
N1,15,DG,1
N1,49,DA,2
N1,81,DG,3
N3,111,DT,4
N3,143,DC,5
N1,176,DA,6
N1,208,DA,7
N3,237,DC,8
N1,270,DG,9
N3,300,DT,10
N3,332,DC,11
N3,362,DT,12
N1,397,DG,13
N1,430,DG,14
N1,463,DA,15
N3,492,DT,16
N3,524,DC,17
N3,554,DC,18
N3,584,DT,19
N1,619,DG,20
N3,649,DT,21
N3,681,DT,22
N3,713,DT,23
N3,745,DT,24
N3,777,DC,25
N1,810,DA,26
N1,842,DG,27
N1,875,DG,28
N1,908,DA,29
N3,937,DT,30
N3,969,DC,31
N3,999,DC,32
N1,1032,DA,33
N1,1064,DG,34
N1,1097,DA,35
N3,1126,DC,36
N1,1159,DG,37
N3,1189,DT,38
N3,1221,DT,39
N1,1256,DG,40
N1,1289,DA,41
N3,1318,DC,42
N3,1348,DT,43
N3,1380,DC,44
